"2989",0.0194174757281553,6,1,NA,NA,1027,2,0.211295034079844,2015
"2989",0.0618556701030928,6,1,NA,NA,1504,3,0.283909574468085,2016
"2989",0.0629370629370629,9,1,NA,NA,1134,2,0.296296296296296,2017
"2989",0.11063829787234,26,1,5,10.0618089824842,638,1,0.261755485893417,2018
"2989",0.096045197740113,34,1,6,14.1387871838536,667,1,0.232383808095952,2019
"2989",0.0927536231884058,32,1,6,13.184219958495,490,1,0.304081632653061,2020
"2989",0.113475177304965,32,1,6,8.7290147740012,772,2,0.22020725388601,2021
"3462",0.127272727272727,42,1,5,6.72118964498863,827,2,0.226118500604595,2015
"3462",0.186629526462396,67,1.5,4.5,4.49635957383853,1861,2,0.287479849543256,2016
"3462",0.145299145299145,51,1,3,9.20957797787783,1053,1,0.302943969610636,2017
"3462",0.126126126126126,42,1,6,7.60198947002948,1021,1,0.285994123408423,2018
"3462",0.100946372239748,32,1,5,13.4620933360769,2903,7,0.201171202204616,2019
"3462",0.179558011049724,65,2,3,6.63652038177973,1043,2,0.206136145733461,2020
"3462",0.162055335968379,41,2,5,5.39325314510449,962,1,0.27962577962578,2021
"3785",0.0414364640883978,15,3,1,91.3018481331428,574,1,0.294425087108014,2015
"3785",0.0166204986149584,6,1,NA,NA,483,1,0.304347826086957,2016
"3785",0.0575342465753425,21,3,1,59.2022403559012,495,1,0.294949494949495,2017
"3785",0.0332409972299169,12,2,2,101.92555215361,487,1,0.301848049281314,2018
"3785",0.0523415977961433,19,3,1,79.3368758477484,576,1,0.293402777777778,2019
"3785",0.571428571428571,4,2,NA,NA,563,1,0.293072824156306,2020
"3785",0.5,10,2.5,2,1.05409255338946,648,1,0.324074074074074,2021
"9379",0.0642458100558659,23,1,15,16.1979769994422,6358,10,0.274771940861906,2015
"9379",0.0396039603960396,12,1,14,28.0369885557049,3592,7,0.214086859688196,2016
"9379",0.025531914893617,6,1,NA,NA,2306,3,0.309627059843885,2017
"9379",0.037037037037037,5,1,NA,NA,2326,5,0.295786758383491,2018
"9379",0.0198019801980198,4,1,NA,NA,NA,NA,NA,2019
"9379",0.0662983425414365,12,1,10,13.1929733363842,3879,8,0.28692962103635,2020
"9379",0.0497512437810945,10,1,20,23.7685599993867,3972,7,0.314954682779456,2021
"15211",0.0416666666666667,3,1.5,NA,NA,NA,NA,NA,2015
"15211",0.117117117117117,26,1,5,10.0609807341697,3792,8,0.145569620253165,2016
"15211",0.0897435897435897,21,1,4,16.3940778781145,2916,7,0.172153635116598,2017
"15211",0.152046783625731,26,1,4,6.62696511735701,3714,7,0.263058696822833,2018
"15211",0.103448275862069,21,1,5.5,15.224288074272,3268,6,0.260709914320685,2019
"15211",0.0982905982905983,23,1,7,12.8680449209109,3092,7,0.207956015523933,2020
"15211",0.0974576271186441,23,1,4,12.2528378195435,3368,8,0.167755344418052,2021
"17565",0.019672131147541,6,1,NA,NA,517,1,0.297872340425532,2015
"17565",1,1,1,NA,NA,NA,NA,NA,2016
"17565",1,1,1,NA,NA,NA,NA,NA,2017
"17565",0.074468085106383,7,1,NA,NA,585,1,0.294017094017094,2018
"17565",0.178832116788321,49,1,4,5.21518343856401,3786,4,0.162440570522979,2019
"17565",0.204968944099379,66,1,3,4.80844609475388,2091,3,0.214251554280249,2020
"17565",0.204633204633205,53,1,4,4.05821142126284,2953,6,0.109380291229258,2021
"29876",0.0588235294117647,8,1,NA,NA,1322,3,0.196671709531014,2016
"29876",1,1,1,NA,NA,NA,NA,NA,2017
"29876",1,1,1,NA,NA,NA,NA,NA,2018
"29876",1,1,1,NA,NA,NA,NA,NA,2019
"29876",0.0425531914893617,8,1,NA,NA,1924,3,0.303534303534304,2020
"29876",0.132352941176471,27,1,3.5,12.3321343838582,1344,5,0.1875,2021
"30467",1,1,1,NA,NA,NA,NA,NA,2015
"30467",0.227272727272727,35,2,2,6.8677992593455,4157,8,0.235987490979071,2016
"30467",0.75,3,1.5,NA,NA,597,1,0.319932998324958,2017
"30467",0.214912280701754,49,1.5,3,6.8065662394214,2094,4,0.203438395415473,2018
"30467",0.138888888888889,40,1,4,8.63739476891395,5235,9,0.271251193887297,2019
"30467",0.294871794871795,23,2,2,4.54344111251121,2462,3,0.292445166531275,2020
"30467",0.273381294964029,76,2,2,3.94890793433753,14144,14,0.245121606334842,2021
"30631",0.0490196078431373,5,1,NA,NA,945,2,0.305820105820106,2016
"30631",1,1,1,NA,NA,NA,NA,NA,2017
"30631",0.1,7,1.5,NA,NA,969,2,0.304437564499484,2018
"30631",0.0506912442396313,11,1,10,25.1581663348769,2566,2,0.301636788776306,2019
"30631",0.0586080586080586,16,1,10,21.6526694714092,2027,3,0.295510606808091,2020
"30631",0.139784946236559,13,1,5,6.31496539014965,1968,5,0.250508130081301,2021
"39669",0.079646017699115,27,1,5,17.6748408762286,2368,2,0.295185810810811,2015
"39669",0.102484472049689,33,1,2,17.5342694412602,2931,2,0.115319003752985,2016
"39669",0.0469798657718121,14,1,19,16.9452360751046,3662,3,0.312124522119061,2017
"39669",0.072463768115942,25,1,10.5,14.866556183381,2282,2,0.218667835232252,2018
"39669",0.0327272727272727,9,1,NA,NA,2100,4,0.275714285714286,2019
"39669",0.0484429065743945,14,1,14,23.5543561216963,1719,3,0.219313554392088,2020
"39669",0.113989637305699,22,1,4,13.4286474161984,2387,4,0.210724759111856,2021
"51500",0.3125,5,2,NA,NA,1715,4,0.244897959183673,2015
"51500",0.333333333333333,4,2,NA,NA,1531,3,0.237753102547355,2016
"51500",0.0129032258064516,4,1,NA,NA,1435,3,0.264808362369338,2017
"51500",0.0408163265306122,8,1,NA,NA,1459,3,0.223440712816998,2018
"51500",0.0158730158730159,3,1,NA,NA,1249,3,0.232185748598879,2019
"51500",0.0633608815426997,23,1,7.5,31.348619279578,4011,9,0.195213163799551,2020
"51500",0.157258064516129,39,1,4,6.96225344073117,6858,11,0.223097112860892,2021
"63582",0.0447284345047923,14,2,3,70.4639387677603,895,2,0.227932960893855,2015
"63582",0.12,6,1,NA,NA,1837,4,0.240065323897659,2016
"63582",0.045662100456621,10,1,15,43.2341814360402,1370,2,0.32043795620438,2017
"63582",0.0546218487394958,13,1,9.5,26.8298510821605,3315,5,0.273906485671192,2018
"63582",0.031496062992126,8,1,NA,NA,2378,4,0.284272497897393,2019
"63582",0.0454545454545455,6,1,NA,NA,2234,4,0.271262309758281,2021
"93347",0.153846153846154,10,1,6,3.9510898637099,502,1,0.306772908366534,2016
"93347",0.0811594202898551,28,1,8,13.4410181407871,656,1,0.289634146341463,2017
"93347",0.0618556701030928,12,1,10,20.1859537122408,518,1,0.306949806949807,2018
"93347",0.0564784053156146,17,1,12,22.5196210743728,4099,6,0.288606977311539,2019
"93347",0.0387323943661972,11,1,20,30.7536808998352,1151,2,0.250217202432667,2020
"93347",0.0555555555555556,9,1,NA,NA,2127,3,0.264221908791725,2021
"113034",0.0643086816720257,20,1,9,17.2564082511684,2147,3,0.249184909175594,2015
"113034",0.112426035502959,38,1,6,10.8263664361692,6397,10,0.20962951383461,2016
"113034",0.0900900900900901,20,1,9,8.76996469216122,3180,5,0.263836477987421,2017
"113034",0.0666666666666667,13,1,11.5,20.8798873792388,2477,5,0.201049656842955,2018
"113034",0.03515625,9,1,NA,NA,2164,6,0.19547134935305,2019
"113034",0.0411392405063291,13,2,1.5,53.4434705595973,5420,11,0.29760147601476,2020
"113034",0.104895104895105,15,1.5,5.5,12.996195554896,2706,4,0.224685883222469,2021
"122188",0.0492957746478873,14,1,13,20.6807230940388,3857,8,0.254342753435312,2015
"122188",0.0372881355932203,11,1,10,32.4009602052504,2212,3,0.278933092224231,2016
"122188",0.0679611650485437,7,1,NA,NA,1903,3,0.314240672622176,2017
"122188",0.202898550724638,42,2,2,7.99839923008988,1811,3,0.218663721700718,2018
"122188",0.127572016460905,31,1,3.5,12.4704708683418,3030,5,0.259075907590759,2019
"122188",0.191489361702128,54,2,3,8.51601411292589,1720,1,0.320348837209302,2020
"122188",0.324427480916031,85,3,2,3.16615329353162,4846,7,0.230293025175402,2021
"145644",0.0699300699300699,10,1,9,17.0863818418191,1836,2,0.348583877995643,2015
"145644",0.0392156862745098,2,1,NA,NA,NA,NA,NA,2016
"145644",0.0119760479041916,2,1,NA,NA,NA,NA,NA,2017
"145644",0.036144578313253,9,1,NA,NA,1773,2,0.33502538071066,2018
"145644",0.0680473372781065,23,1,6.5,23.6550334191395,1616,2,0.256806930693069,2019
"145644",0.216949152542373,64,2,3,5.50659428732146,1001,2,0.253746253746254,2020
"145644",0.171821305841924,50,1,3,6.82164671802771,1182,2,0.22419627749577,2021
"157486",1,1,1,NA,NA,NA,NA,NA,2015
"157486",0.0862944162436548,17,1,2.5,20.4434178486214,4668,9,0.184661525278492,2016
"157486",0.117647058823529,38,2,4,11.3428020858675,4271,6,0.160149847810817,2017
"157486",0.213888888888889,77,2,2.5,7.09666341169901,5416,13,0.112998522895126,2018
"157486",0.171052631578947,52,1,4,6.21421520292267,4313,10,0.136563876651982,2019
"157486",0.186495176848875,58,1,3,8.87817859348665,4230,9,0.149645390070922,2020
"157486",0.199203187250996,50,1,2,5.57989283782696,4429,11,0.157371867238654,2021
"165086",1,1,1,NA,NA,NA,NA,NA,2015
"165086",1,1,1,NA,NA,NA,NA,NA,2016
"165086",0.0610328638497653,13,1,14.5,17.98652694422,2762,4,0.2697320782042,2017
"165086",0.130293159609121,40,1,1,14.1877234951809,2500,5,0.224,2018
"165086",0.0428571428571429,12,1,7,37.9375084244412,1222,2,0.30114566284779,2019
"165086",0.290909090909091,16,1,2,5.60357029044876,819,1,0.322344322344322,2020
"165086",0.028169014084507,4,1,NA,NA,NA,NA,NA,2021
"169494",0.0466321243523316,9,1,NA,NA,1494,2,0.27710843373494,2015
"169494",0.0443548387096774,11,1,24,21.6181508100125,1651,3,0.239854633555421,2016
"169494",0.0253623188405797,7,1,NA,NA,1195,2,0.294560669456067,2017
"169494",0.113553113553114,31,1,3,14.0022986618659,3356,3,0.268772348033373,2018
"169494",0.21671826625387,70,1,2,6.68331255192114,5223,8,0.194524219797052,2019
"169494",0.227777777777778,82,2,2,4.5495556695268,3332,4,0.201980792316927,2020
"169494",0.363013698630137,106,2,1,3.14782324929326,5460,9,0.187728937728938,2021
"171012",0.032967032967033,3,1,NA,NA,NA,NA,NA,2015
"171012",0.0132450331125828,4,1,NA,NA,NA,NA,NA,2016
"171012",0.137809187279152,39,2,3.5,11.0664615769899,1120,1,0.315178571428571,2017
"171012",0.390804597701149,136,3,2,3.41318938854858,1261,1,0.291038858049167,2018
"171012",0.66027397260274,241,5.5,1,1.92748598737325,1136,1,0.3125,2019
"171012",0.784153005464481,287,6,1,0.88491910955197,1949,4,0.211903540277065,2020
"171012",0.807560137457045,235,6,1,1.20904724416347,2662,6,0.163786626596544,2021
"172736",0.0769230769230769,20,1,7,17.7332409969895,1299,2,0.18860662047729,2015
"172736",0.106896551724138,31,1,6,10.2603466142074,552,1,0.278985507246377,2016
"172736",0.0895953757225433,31,1,9,8.83078471149023,498,1,0.305220883534137,2017
"172736",0.0409356725146199,14,1,13,28.1902874709058,483,1,0.304347826086957,2018
"172736",0.0244755244755245,7,1,NA,NA,575,1,0.300869565217391,2019
"172736",0.0301204819277108,10,1,19,47.5756707198589,657,1,0.26179604261796,2020
"172736",0.153024911032028,43,1.5,4,14.4706037878086,553,1,0.305605786618445,2021
"176359",0.0192307692307692,3,1,NA,NA,NA,NA,NA,2015
"176359",0.158208955223881,53,1,5,5.57777857899718,5903,11,0.12807047264103,2016
"176359",0.111731843575419,40,1,6,11.0036799144613,3649,10,0.137297889832831,2017
"176359",0.112627986348123,33,1,4.5,13.5140309403991,3622,5,0.216454997239094,2018
"176359",0.0769230769230769,27,1,6,18.0338143923703,5574,11,0.172048797990671,2019
"176359",0.0857142857142857,27,1,9,11.4190124859309,3667,8,0.201254431415326,2020
"176359",0.0826446280991736,20,1,10,11.2696871275655,2094,4,0.242597898758357,2021
"181214",1,1,1,NA,NA,NA,NA,NA,2015
"181214",0.16260162601626,40,1,3,11.0832940143185,2328,7,0.148625429553265,2017
"181214",0.0517241379310345,12,1,8,22.4321198284959,1532,3,0.226501305483029,2018
"181214",0.01171875,3,1.5,NA,NA,NA,NA,NA,2019
"181214",0.025974025974026,2,1,NA,NA,NA,NA,NA,2020
"181214",0.04,2,1,NA,NA,NA,NA,NA,2021
"184972",1,1,1,NA,NA,NA,NA,NA,2015
"184972",0.132530120481928,22,1.5,4,8.66767393414008,4423,12,0.156907076644811,2017
"184972",0.00746268656716418,2,1,NA,NA,NA,NA,NA,2018
"184972",0.0476190476190476,3,1,NA,NA,1808,4,0.276548672566372,2019
"184972",0.131756756756757,39,1,6,7.82385199428322,4899,8,0.185548071034905,2020
"184972",0.179389312977099,47,1,3,8.21666152217848,6223,10,0.227703679897156,2021
"213897",0.0612244897959184,12,1,7,31.1868270559572,2890,6,0.26159169550173,2015
"213897",0.0348837209302326,6,1,NA,NA,2958,6,0.258282623394185,2016
"213897",0.0434782608695652,9,1,NA,NA,3192,5,0.333020050125313,2017
"213897",0.0365853658536585,6,1,NA,NA,2181,4,0.251260889500229,2018
"213897",0.124567474048443,36,1,2,14.4325728705545,9313,16,0.219692902394502,2019
"213897",0.120481927710843,30,1,6,12.1731150107127,6833,7,0.273525537831114,2020
"213897",0.175824175824176,32,2,3,8.79809363515206,5434,5,0.224696356275304,2021
"245533",0.0569105691056911,7,1,NA,NA,1446,2,0.296680497925311,2015
"245533",0.290983606557377,71,2,2,4.15539261498587,3542,5,0.196216826651609,2016
"245533",0.26578073089701,80,2,2,3.89075085639646,1681,3,0.217132659131469,2017
"245533",0.309210526315789,94,2,2,3.31302838544268,2656,5,0.194653614457831,2018
"245533",0.313131313131313,93,2,3,2.67189724318981,3693,3,0.306796642296236,2019
"245533",0.216494845360825,63,1.5,3,5.0008989144359,2690,2,0.267657992565056,2020
"245533",0.348754448398576,98,3,2,2.94348252026049,2252,2,0.172735346358792,2021
"259794",0.0471698113207547,5,1,NA,NA,1136,2,0.273767605633803,2015
"259794",0.0919540229885057,24,1,5,15.2864609811448,4851,9,0.260770975056689,2016
"259794",0.135922330097087,42,2,4,10.5903775929367,6277,11,0.241357336307153,2017
"259794",0.12316715542522,42,1,3,12.720542249525,3004,5,0.261651131824234,2018
"259794",0.161111111111111,58,1,3,8.24180309736525,6963,14,0.230504093063335,2019
"259794",0.206611570247934,75,2,2,6.46501134679437,2141,3,0.237739374124241,2020
"259794",0.321799307958477,93,2,2,3.20445223003886,3896,6,0.245123203285421,2021
"264427",0.032258064516129,7,1,NA,NA,1468,3,0.247275204359673,2015
"264427",0.0697674418604651,18,1,7,21.6877913609857,5661,10,0.238650415121003,2016
"264427",0.263322884012539,84,2,2,5.66508191469512,3101,7,0.123186069009997,2017
"264427",0.197802197802198,72,1,3,6.47974711978936,1436,3,0.182451253481894,2018
"264427",0.122222222222222,44,1,4,10.6544954092275,3108,5,0.202380952380952,2019
"264427",0.177777777777778,64,1,2,7.14286226318301,2444,5,0.141162029459902,2020
"264427",0.166089965397924,48,2,3,7.67156528803266,1742,3,0.198622273249139,2021
"277269",0.0304568527918782,6,1,NA,NA,1917,2,0.329681794470527,2015
"277269",0.0568181818181818,10,1,21,14.5353974069434,3013,5,0.293727182210421,2016
"277269",0.0588235294117647,4,1,NA,NA,NA,NA,NA,2017
"277269",0.0534351145038168,14,1,12,22.4293763416847,3101,6,0.247662044501774,2018
"277269",0.142857142857143,15,1,6,6.13582526220814,1251,3,0.23021582733813,2019
"277269",0.0306748466257669,5,1,NA,NA,908,2,0.277533039647577,2020
"277269",0.298245614035088,68,2,1,3.88842580861574,1972,5,0.152129817444219,2021
"306962",0.0425531914893617,2,1,NA,NA,NA,NA,NA,2015
"306962",0.046875,15,1,8,31.8920741815956,3772,6,0.267762460233298,2016
"306962",0.14,21,1,4,7.84370347543342,2232,4,0.172491039426523,2017
"306962",0.0459770114942529,12,1,15,26.043320553542,2616,3,0.276758409785933,2019
"306962",0.0566666666666667,17,1,10.5,15.7722065672499,2336,3,0.240154109589041,2020
"306962",0.0347490347490347,9,1,NA,NA,1576,3,0.194796954314721,2021
"317165",0.0808823529411765,11,3,2.5,35.3309747640477,654,1,0.293577981651376,2015
"317165",0.0927835051546392,18,3,2,28.6682341112742,1433,2,0.237264480111654,2016
"317165",0.8,8,2,NA,NA,987,2,0.243161094224924,2017
"317165",0.166666666666667,32,4,1,21.4337689549203,1369,3,0.192111029948868,2018
"317165",0.222222222222222,32,5,1,19.3764073370252,1413,2,0.195329087048832,2019
"317165",1,13,6.5,1,0,1039,1,0.275264677574591,2021
"330624",0.0307692307692308,4,1,NA,NA,810,2,0.223456790123457,2016
"330624",0.207017543859649,59,2,3,5.08416756515863,2072,3,0.176158301158301,2017
"330624",0.182072829131653,65,2,4,5.44488984248767,1098,2,0.164845173041894,2018
"330624",0.199445983379501,72,2,4,5.07746827706759,1025,1,0.178536585365854,2019
"330624",0.229050279329609,82,2,3,3.89158636605234,1001,1,0.217782217782218,2020
"330624",0.200743494423792,54,1,3,5.44346854333642,1622,3,0.205918618988903,2021
"350032",0.125,2,1,NA,NA,NA,NA,NA,2015
"350032",0.0329218106995885,8,1,NA,NA,4574,8,0.291429820725842,2016
"350032",0.0777777777777778,14,1,3,25.2393668903489,3850,7,0.191168831168831,2017
"350032",0.0232558139534884,2,1,NA,NA,NA,NA,NA,2019
"350032",0.0773809523809524,13,1.5,1.5,23.8497506498623,3716,5,0.250807319698601,2020
"350032",0.105263157894737,24,2,4,13.8475608217282,6486,16,0.133980881899476,2021
"378461",0.0505050505050505,5,1,NA,NA,2094,3,0.32043935052531,2015
"378461",0.0459770114942529,8,1,NA,NA,2079,3,0.277056277056277,2016
"378461",0.0555555555555556,5,1,NA,NA,1173,1,0.273657289002558,2017
"378461",0.148148148148148,24,2,2,10.5183821777098,2510,4,0.19601593625498,2018
"378461",0.208571428571429,73,2,1,9.66576610666713,5903,13,0.157377604607827,2019
"378461",0.0730769230769231,19,1,9.5,16.3244273438481,2467,4,0.218078638021889,2020
"378461",0.147286821705426,38,2,3,9.63196629846548,4840,9,0.179338842975207,2021
"394836",1,1,1,NA,NA,NA,NA,NA,2015
"394836",0.032,4,1,NA,NA,1477,3,0.300609343263372,2016
"394836",0.0769230769230769,9,1,NA,NA,525,1,0.306666666666667,2017
"394836",0.0256410256410256,6,1,NA,NA,1421,3,0.277269528501056,2018
"394836",0.0492424242424242,13,1,18,21.0473852115274,2810,4,0.293594306049822,2019
"394836",0.0731707317073171,21,1,5.5,22.8060472128268,4457,9,0.269463764864258,2020
"394836",0.064638783269962,17,1,10.5,18.0808370012748,2723,5,0.229159015791407,2021
"395764",1,1,1,NA,NA,NA,NA,NA,2016
"395764",0.11,22,1,7,8.61173064847623,1405,3,0.20355871886121,2017
"395764",0.140939597315436,42,1,3,9.28111116139894,1514,3,0.233157199471598,2018
"395764",0.0884353741496599,26,1,10,10.2693719379522,1339,2,0.247199402539208,2019
"395764",0.0644067796610169,19,1,16,14.6849262450831,1107,1,0.259259259259259,2020
"395764",0.123076923076923,32,1.5,3,9.96175482230841,620,1,0.269354838709677,2021
"517302",0.0344827586206897,3,1,NA,NA,NA,NA,NA,2015
"517302",0.0743494423791822,20,1,5,19.9440738534369,2281,6,0.155195089872863,2016
"517302",0.0532544378698225,9,1,NA,NA,1536,3,0.171875,2017
"517302",0.117647058823529,30,1,6,12.2113974057429,3674,6,0.173652694610778,2018
"517302",0.090032154340836,28,1,8,15.2072107652672,3386,6,0.226225634967513,2019
"517302",0.096969696969697,16,1,5,10.8592729739983,2723,4,0.266617701065002,2020
"517302",0.153061224489796,30,1,4,7.70387913291618,2710,7,0.183394833948339,2021
"523936",0.139072847682119,42,1,4,9.59064584920526,2302,6,0.173761946133797,2015
"523936",0.105726872246696,24,1,4,14.024822714527,2960,6,0.130405405405405,2016
"523936",0.242902208201893,77,2,2,9.43193530028551,4259,9,0.138060577600376,2017
"523936",0.254019292604502,79,2,1,7.66841110038636,5981,12,0.125397090787494,2018
"523936",0.0242424242424242,4,1,NA,NA,NA,NA,NA,2019
"523936",1,1,1,NA,NA,NA,NA,NA,2021
"548902",0.157232704402516,50,1,4,6.9555195133563,3836,8,0.0928050052137643,2015
"548902",0.234104046242775,81,1,3,4.19340576366444,3257,7,0.127110838194658,2016
"548902",0.21875,70,2,3,4.63713098825303,4304,5,0.142193308550186,2017
"548902",0.165680473372781,56,1,6,4.99649708946009,2446,3,0.145543744889616,2018
"548902",0.175,63,1,6,4.57052960583808,2923,5,0.115634621963736,2019
"548902",0.294765840220386,107,2,2,2.76669968263135,1026,2,0.177387914230019,2020
"548902",0.982935153583618,288,7,1,0.131064655827619,686,1,0.231778425655977,2021
"549351",0.0129310344827586,3,1,NA,NA,NA,NA,NA,2015
"549351",0.036144578313253,6,1,NA,NA,791,2,0.222503160556258,2016
"549351",0.0398773006134969,13,1,21,24.1866166348753,2959,5,0.25582967218655,2017
"549351",0.285714285714286,2,1,NA,NA,NA,NA,NA,2018
"549351",0.0112781954887218,3,1,NA,NA,1146,1,0.321116928446771,2019
"549351",0.0776255707762557,17,1,7,15.4396675266449,1430,3,0.234265734265734,2020
"549351",0.148148148148148,20,1,3,9.40728845222638,2501,2,0.317872850859656,2021
"604156",0.053030303030303,7,1,NA,NA,1580,2,0.306962025316456,2015
"604156",0.0289256198347107,7,1,NA,NA,2021,4,0.285502226620485,2016
"604156",0.0220994475138122,4,1,NA,NA,973,2,0.294964028776978,2017
"604156",0.043956043956044,4,1,NA,NA,477,1,0.306079664570231,2018
"604156",0.0225988700564972,4,1,NA,NA,1427,2,0.346180798878767,2019
"604156",0.0186915887850467,2,1,NA,NA,NA,NA,NA,2021
"678636",0.217791411042945,71,2,2,7.85195575062232,4207,7,0.0962681245543142,2015
"678636",0.330578512396694,120,3,1,4.47667203491497,3324,6,0.142298435619735,2016
"678636",0.295580110497238,107,3,2,4.31338625540536,3718,12,0.137170521785906,2017
"678636",0.60989010989011,222,5,1,2.56440687896607,5662,9,0.126280466266337,2018
"678636",0.665753424657534,243,5,1,1.89396931951713,6067,11,0.122960276907862,2019
"678636",0.724043715846995,265,6,1,1.4492161884201,4509,7,0.12552672432912,2020
"678636",0.795053003533569,225,5,1,0.595130248611428,8826,17,0.135622025832767,2021
"688548",0.0356083086053412,12,1,14,34.7170379968212,4124,5,0.296799224054316,2015
"688548",0.117142857142857,41,1,4.5,12.5514071128627,8887,13,0.25554180263306,2016
"688548",0.0923076923076923,30,1,6,16.7674620396538,6243,10,0.266378343744994,2017
"688548",0.262996941896024,86,2,1,11.3398234835757,7518,13,0.187682894386805,2018
"688548",0.313019390581717,113,2,1,3.80475892484537,14058,21,0.1605491535069,2019
"688548",0.34435261707989,125,2,2,2.48113786574591,5546,4,0.2445005409304,2020
"688548",0.336769759450172,98,2,2,2.30260199448736,6049,6,0.178376591172095,2021
"689155",0.0303030303030303,10,1,20,48.9083610211769,1069,2,0.198316183348924,2015
"689155",0.0293040293040293,8,1,NA,NA,1005,3,0.203980099502488,2016
"689155",1,2,2,NA,NA,NA,NA,NA,2017
"689155",0.348214285714286,39,2,2,2.65474159120506,6712,4,0.28292610250298,2019
"689155",0.0827586206896552,24,1,3,20.9952940332233,2250,2,0.105333333333333,2020
"689155",0.0287081339712919,6,1,NA,NA,1570,3,0.285987261146497,2021
"726742",0.0438871473354232,14,1,5,35.544843471816,761,1,0.252299605781866,2015
"726742",0.0363128491620112,13,1,10,60.8083801043005,710,1,0.23943661971831,2016
"726742",0.046831955922865,17,1,6.5,31.3918779304456,749,1,0.255006675567423,2017
"726742",0.0365168539325843,13,1,18.5,44.9089145500156,1843,3,0.186652197504069,2018
"726742",0.0802469135802469,13,1,9.5,14.2984953647917,785,1,0.284076433121019,2019
"726742",0.0474777448071217,16,1,21,18.9804410606588,656,1,0.257621951219512,2020
"726742",0.106666666666667,16,1,10,7.10600014742739,1517,3,0.165458141067897,2021
"754660",0.0236686390532544,4,1,NA,NA,1173,3,0.262574595055413,2015
"754660",0.0685714285714286,12,1,7,17.0224450759471,1921,5,0.13430504945341,2016
"754660",0.051948051948052,16,1,7,30.0852756265222,4440,7,0.227927927927928,2017
"754660",0.231034482758621,67,2,2.5,5.56296863613485,4478,8,0.183564091112104,2018
"754660",0.0819672131147541,15,1.5,2,35.8608421540822,610,1,0.273770491803279,2019
"754660",0.28,35,2.5,1,8.13105663468377,886,2,0.207674943566591,2020
"754660",0.375,3,1.5,NA,NA,999,2,0.274274274274274,2021
"761107",1,1,1,NA,NA,NA,NA,NA,2016
"761107",0.0104529616724739,3,1,NA,NA,797,2,0.222082810539523,2017
"761107",0.0595238095238095,15,1,3,52.8123882403395,662,1,0.283987915407855,2018
"761107",0.013745704467354,4,1,NA,NA,614,1,0.325732899022801,2019
"761107",0.132183908045977,23,1,4,12.5633459849541,1072,2,0.256529850746269,2020
"761107",0.0103092783505155,2,1,NA,NA,NA,NA,NA,2021
"762037",0.0348837209302326,6,1,NA,NA,1795,3,0.199442896935933,2015
"762037",0.0289855072463768,4,1,NA,NA,1421,3,0.284306826178747,2016
"762037",0.0490196078431373,15,1,6.5,51.1831982218753,1302,2,0.299539170506912,2018
"762037",0.0552486187845304,20,1,4,24.2074368738204,1880,4,0.222340425531915,2019
"762037",0.355704697986577,53,3,1,5.65472079505124,1030,1,0.349514563106796,2020
"762037",0.0236220472440945,3,1,NA,NA,1050,1,0.359047619047619,2021
"764887",1,1,1,NA,NA,NA,NA,NA,2015
"764887",0.09375,6,1,NA,NA,476,1,0.304621848739496,2016
"764887",1,1,1,NA,NA,NA,NA,NA,2018
"764887",1,1,1,NA,NA,NA,NA,NA,2019
"764887",0.25,2,1,NA,NA,470,1,0.304255319148936,2020
"764887",0.165384615384615,43,2,3,9.44281031614353,2496,7,0.101362179487179,2021
"769776",0.0782312925170068,23,1,7,18.6659515942196,1513,2,0.300727032385988,2016
"769776",0.214814814814815,58,2,3,5.44699912784525,2982,7,0.193158953722334,2017
"769776",0.226890756302521,81,2,4,4.0123227907554,3648,6,0.194901315789474,2018
"769776",0.222950819672131,68,2,3,5.83699891291426,4578,9,0.187199650502403,2019
"769776",0.13166144200627,42,1,4,11.9598923235221,3601,4,0.276589836156623,2020
"769776",0.184210526315789,49,1.5,4,4.80686381295664,4918,10,0.20292801952013,2021
"830612",0.0132450331125828,4,1,NA,NA,808,1,0.331683168316832,2015
"830612",0.0222222222222222,5,1,NA,NA,574,1,0.317073170731707,2016
"830612",0.0164835164835165,3,1,NA,NA,NA,NA,NA,2017
"830612",1,1,1,NA,NA,NA,NA,NA,2018
"830612",0.0352112676056338,10,1,31,18.0423883612391,635,1,0.318110236220472,2019
"830612",0.0446927374301676,16,1,15,23.3519653501431,636,1,0.283018867924528,2020
"830612",0.104529616724739,30,1,4,12.2057484640026,1260,3,0.188888888888889,2021
"853986",0.02,2,1,NA,NA,NA,NA,NA,2016
"853986",1,1,1,NA,NA,NA,NA,NA,2017
"853986",0.0411985018726592,11,1,25,22.8531544139243,659,2,0.235204855842185,2018
"853986",0.0611353711790393,14,1,5,31.1009522485925,470,1,0.304255319148936,2019
"853986",0.12012012012012,40,1,6,9.89117574532125,472,1,0.305084745762712,2020
"853986",0.137055837563452,27,1,4,8.36770348055316,647,1,0.245749613601236,2021
"968959",0.0470588235294118,4,1,NA,NA,941,1,0.261424017003188,2015
"968959",0.0163934426229508,3,1.5,NA,NA,2033,3,0.321692080668962,2016
"968959",0.065843621399177,16,1,3,27.6505403374397,2902,6,0.180565127498277,2017
"968959",0.197530864197531,64,2,3,9.21515593044006,3394,6,0.249263406010607,2018
"968959",0.222535211267606,79,2,2,6.24955542874396,10603,21,0.197774214844855,2019
"968959",0.181818181818182,46,2,2,9.71503052912435,4329,9,0.173481173481173,2020
"968959",0.192307692307692,55,2,2,7.32639752053701,10387,15,0.270337922403004,2021
"1028783",0.0611620795107034,20,1,14,16.3308268753529,1216,2,0.193256578947368,2015
"1028783",0.0575757575757576,19,1,16.5,19.9493640044741,2716,5,0.258468335787923,2016
"1028783",0.0449438202247191,12,1,19,26.2785775178878,2455,5,0.232179226069246,2017
"1028783",0.0892857142857143,30,1,7,11.4192388003021,3128,6,0.206202046035806,2018
"1028783",0.0549450549450549,20,1,7,22.6271585510326,3636,6,0.261276127612761,2019
"1028783",0.169550173010381,49,2,2,12.3150141887082,1261,2,0.201427438540841,2020
"1028783",0.138888888888889,40,2,4,13.6410510080634,1039,1,0.24446583253128,2021
"1164493",0.0439189189189189,13,1,8,55.7436638606224,2198,4,0.281164695177434,2015
"1164493",0.078740157480315,20,1,6,17.5595894395783,1488,3,0.200940860215054,2016
"1164493",0.0179640718562874,6,1,NA,NA,1293,3,0.224284609435422,2017
"1164493",0.278125,89,5,1,16.7409694304501,2879,4,0.179576241750608,2018
"1164493",0.622589531680441,226,4,1,1.21299184100686,3841,4,0.172611299140849,2019
"1164493",0.519774011299435,184,4,1,1.54790979720623,2513,3,0.218861918026263,2020
"1164493",0.286206896551724,83,2,2,4.73814468496965,3600,6,0.233888888888889,2021
"1185716",1,1,1,NA,NA,NA,NA,NA,2015
"1185716",0.0307692307692308,4,1,NA,NA,1559,3,0.302116741500962,2017
"1185716",0.0983606557377049,12,1,7,10.4403065089106,941,2,0.294367693942614,2018
"1185716",0.133663366336634,27,1,3,10.8795503300741,1684,3,0.225059382422803,2019
"1185716",0.0866425992779783,24,1.5,4,18.0831413200251,1392,3,0.239224137931034,2020
"1185716",0.121212121212121,16,1,3,12.5269233862034,1202,3,0.23044925124792,2021
"1191563",1,1,1,NA,NA,NA,NA,NA,2015
"1191563",0.0357142857142857,5,1,NA,NA,1536,3,0.190104166666667,2017
"1191563",0.0360824742268041,7,1,NA,NA,2213,5,0.261635788522368,2018
"1191563",0.0398860398860399,14,1,10,29.3156998280828,3733,7,0.262523439592821,2019
"1191563",0.0229508196721311,7,1,NA,NA,2152,6,0.163568773234201,2020
"1191563",1,1,1,NA,NA,NA,NA,NA,2021
"1208003",1,1,1,NA,NA,NA,NA,NA,2015
"1208003",0.0633802816901408,9,2,NA,NA,470,1,0.306382978723404,2016
"1208003",0.0526315789473684,9,1,NA,NA,664,1,0.280120481927711,2017
"1208003",0.888888888888889,8,4,NA,NA,471,1,0.305732484076433,2018
"1208003",1,1,1,NA,NA,NA,NA,NA,2019
"1208003",0.0177514792899408,3,1,NA,NA,470,1,0.306382978723404,2020
"1223491",0.0344827586206897,2,1,NA,NA,NA,NA,NA,2015
"1223491",1,1,1,NA,NA,NA,NA,NA,2016
"1223491",1,1,1,NA,NA,NA,NA,NA,2017
"1223491",0.109090909090909,6,1,NA,NA,1616,3,0.308787128712871,2018
"1223491",0.0942760942760943,28,1,4,15.0370861576956,2971,7,0.204644900706833,2019
"1223491",0.104109589041096,38,1,3,21.1430491776501,2892,6,0.185338865836791,2020
"1223491",0.227586206896552,66,1.5,1,5.34155516104267,3563,10,0.20797081111423,2021
"1280759",0.666666666666667,2,1,NA,NA,1094,1,0.303473491773309,2015
"1280759",0.0084985835694051,3,1,NA,NA,NA,NA,NA,2016
"1280759",0.0630372492836676,22,1,8,32.8870360910974,3638,5,0.222649807586586,2017
"1280759",0.0558659217877095,20,1,11,18.4076643076507,4254,6,0.250822755054067,2018
"1280759",0.142857142857143,42,1,4,9.49094562098466,4431,7,0.109907470097044,2019
"1280759",0.0778443113772455,26,1,6,23.1151465493948,4058,6,0.234351897486447,2020
"1280759",0.0938967136150235,20,1,2,28.3279664679717,4225,4,0.25585798816568,2021
"1330319",0.0176991150442478,2,1,NA,NA,NA,NA,NA,2015
"1330319",1,1,1,NA,NA,NA,NA,NA,2016
"1330319",0.0168067226890756,4,1,NA,NA,1919,4,0.287128712871287,2017
"1330319",0.174887892376682,39,1,3,9.70239958001328,4789,10,0.194612653998747,2018
"1330319",0.27906976744186,96,2,2,5.76913050132526,6184,14,0.0999353169469599,2019
"1330319",0.210191082802548,66,1,3,4.58220848667808,3329,11,0.0949234004205467,2020
"1330319",0.194214876033058,47,1.5,3,5.66150660203014,5696,8,0.25877808988764,2021
"1342851",0.0657894736842105,15,1,9.5,18.8931349820656,2682,3,0.24683072334079,2016
"1342851",0.191740412979351,65,2,2.5,7.19671166090172,6048,8,0.236441798941799,2017
"1342851",0.316860465116279,109,2,2,2.96656982352114,7024,15,0.102790432801822,2018
"1342851",0.426183844011142,153,3,2,2.2089759538588,6186,8,0.109925638538636,2019
"1342851",0.541208791208791,197,4,1,1.85459814387068,5135,9,0.0560856864654333,2020
"1342851",0.529824561403509,151,4,1,1.39580708012307,3857,8,0.117448794399793,2021
"1358812",0.0256410256410256,2,1,NA,NA,NA,NA,NA,2016
"1358812",0.0285714285714286,5,1,NA,NA,908,2,0.23568281938326,2017
"1358812",0.0735930735930736,17,1,8,20.3695033485519,3886,7,0.260164693772517,2018
"1358812",0.108187134502924,37,1,5,11.7849446598158,5923,9,0.251055208509201,2019
"1358812",0.111764705882353,38,1,6,10.0042033208089,4301,8,0.184840734712857,2020
"1358812",0.195121951219512,48,2,4,4.38840453434694,4006,10,0.157264103844234,2021
"1382897",1,1,1,NA,NA,NA,NA,NA,2015
"1382897",0.0535714285714286,9,1,NA,NA,1894,2,0.323653643083421,2016
"1382897",0.0349206349206349,11,1,14.5,43.2260209698844,1425,1,0.373333333333333,2017
"1382897",0.0868263473053892,29,1,5.5,15.7934334355307,1812,1,0.26158940397351,2018
"1382897",0.246575342465753,90,2,2,4.65061200625105,1815,1,0.25068870523416,2019
"1382897",0.346260387811634,125,3,1,3.53707277540562,1930,1,0.239896373056995,2020
"1382897",0.313993174061433,92,2,2,2.55828277264472,2306,2,0.29705117085863,2021
"1385297",0.0283018867924528,3,1,NA,NA,NA,NA,NA,2015
"1385297",1,1,1,NA,NA,NA,NA,NA,2017
"1385297",0.0459770114942529,12,1,3,45.3437376652449,630,1,0.311111111111111,2018
"1385297",0.359195402298851,125,3,1,5.59468365345809,1246,2,0.150882825040128,2019
"1385297",0.437209302325581,94,3,1,2.26881000333425,3424,4,0.155081775700935,2020
"1385297",0.470790378006873,137,3,1,2.1595912628685,2140,2,0.235514018691589,2021
"1401901",0.0588235294117647,15,1,18,9.03716380676646,673,1,0.297176820208024,2015
"1401901",0.0609137055837563,12,1,13,23.3187400252165,905,1,0.232044198895028,2016
"1401901",0.0473372781065089,16,1,14,25.8038387694175,787,1,0.283354510800508,2017
"1401901",0.0571428571428571,10,1,14,14.6116391962025,597,1,0.314907872696817,2018
"1401901",0.130281690140845,37,1,6,7.53336493882961,1289,3,0.190845616757176,2019
"1401901",0.11875,38,1,5,11.0336640216087,629,1,0.319554848966614,2020
"1401901",0.218253968253968,55,2,4,3.47039994110519,651,1,0.298003072196621,2021
"1417563",1,1,1,NA,NA,NA,NA,NA,2015
"1417563",0.0549450549450549,5,1,NA,NA,1238,2,0.326332794830372,2016
"1417563",0.173913043478261,4,1,NA,NA,NA,NA,NA,2017
"1417563",0.0161290322580645,4,1,NA,NA,1221,2,0.322686322686323,2018
"1417563",0.045045045045045,15,1,9.5,35.5190708719189,3712,5,0.267780172413793,2019
"1417563",0.100609756097561,33,1,5,12.9807161564948,3862,8,0.189798032107716,2020
"1417563",0.10077519379845,26,1,6,12.0779413256841,1929,4,0.142560912389839,2021
"1431487",0.0169491525423729,4,1,NA,NA,1370,3,0.282481751824817,2016
"1431487",0.0413793103448276,6,1,NA,NA,1882,3,0.274176408076514,2017
"1431487",0.0336134453781513,8,1,NA,NA,1362,3,0.212187958883994,2018
"1431487",0.0646258503401361,19,1,7.5,24.133953518193,2579,4,0.277626987204343,2019
"1431487",0.234920634920635,74,2,3,4.96007653252685,2805,5,0.176470588235294,2020
"1431487",0.135849056603774,36,1,6,7.84160419190621,3306,5,0.245311554748941,2021
"1462872",0.10077519379845,13,2.5,1,17.8699002049069,4543,6,0.300682368478979,2015
"1462872",0.0939597315436242,14,2,1,18.0348665161794,5182,6,0.248359706676959,2016
"1462872",0.0244897959183673,6,1.5,NA,NA,1821,4,0.244371224601867,2017
"1462872",0.0860927152317881,13,2.5,2,21.9813970934929,3215,6,0.275894245723173,2018
"1462872",0.0639269406392694,14,1,6,20.6323122236047,6387,12,0.200407076874902,2019
"1462872",0.0461538461538462,12,2,15,33.6403437448657,4345,8,0.264441887226697,2020
"1462872",0.0576923076923077,6,1.5,NA,NA,2167,4,0.263497923396401,2021
"1474212",0.09765625,25,1,7,13.2363547457947,2844,5,0.130098452883263,2015
"1474212",0.145454545454545,48,1,5,7.79074143929274,6141,10,0.229767138902459,2016
"1474212",0.146005509641873,53,1,3,8.23422208062192,5828,11,0.191317776252574,2017
"1474212",0.164265129682997,57,1,5,7.27912867627124,8858,14,0.231316324226688,2018
"1474212",0.117142857142857,41,1.5,4.5,14.8410164487062,9828,14,0.259157509157509,2019
"1474212",0.233128834355828,76,1,3,4.81925567128631,3926,7,0.141619969434539,2020
"1474212",0.192513368983957,36,1,1,6.85467392527527,7955,12,0.186800754242615,2021
"1711538",1,1,1,NA,NA,484,1,0.305785123966942,2015
"1711538",0.0407239819004525,9,1,NA,NA,2122,4,0.26248821866164,2016
"1711538",0.0698924731182796,13,1,11,14.1707658953426,2427,4,0.243098475484137,2017
"1711538",0.0691489361702128,13,1,9,20.2145687037539,1842,3,0.148751357220413,2018
"1711538",0.193430656934307,53,2,3,6.95327543073667,2855,8,0.129947460595447,2019
"1711538",0.255813953488372,88,2,2,4.42339531234559,2795,3,0.162075134168157,2020
"1711538",0.37546468401487,101,3,2,2.07379026437248,3860,5,0.188860103626943,2021
"1724130",0.0421052631578947,4,1,NA,NA,2105,3,0.317339667458432,2015
"1724130",0.0285714285714286,3,1,NA,NA,NA,NA,NA,2016
"1724130",0.0232558139534884,3,1,NA,NA,473,1,0.304439746300211,2017
"1724130",0.173076923076923,27,1,5,6.58775087100761,3931,7,0.223098448232002,2018
"1724130",0.0694444444444444,15,1,9,14.8562711071383,6415,7,0.289010132501949,2019
"1724130",1,1,1,NA,NA,NA,NA,NA,2020
"1724130",0.147982062780269,33,2,3.5,8.82422435593469,5122,12,0.218664584146818,2021
"1754930",1,1,1,NA,NA,NA,NA,NA,2016
"1754930",1,6,6,NA,NA,502,1,0.302788844621514,2017
"1754930",1,1,1,NA,NA,NA,NA,NA,2018
"1754930",0.245487364620939,68,2,2,7.97253312860208,6159,9,0.199545380743627,2019
"1754930",0.318713450292398,109,2,2,3.30154887762494,7678,10,0.145741078405835,2020
"1754930",0.0492610837438424,10,1,9,26.9541792265648,3399,5,0.309502794939688,2021
"1802428",0.0981818181818182,27,1,6.5,13.0850472501425,2434,4,0.232949876746097,2015
"1802428",0.079295154185022,18,1,13,11.7194534102617,2052,3,0.261695906432749,2016
"1802428",0.0599369085173502,19,1,11,17.5305522285497,1974,4,0.242147922998987,2017
"1802428",0.0833333333333333,30,1,8,10.7351684832858,3592,7,0.266146993318486,2018
"1802428",0.335365853658537,110,3,1,5.59099805573739,6253,8,0.199424276347353,2019
"1802428",0.236619718309859,84,2,2,6.96696794698925,2115,4,0.156028368794326,2020
"1802428",0.711009174311927,155,5,1,1.19702046418661,3326,4,0.144918821407096,2021
"1868443",0.0317460317460317,2,1,NA,NA,937,2,0.304162219850587,2015
"1868443",0.0416666666666667,2,1,NA,NA,897,1,0.319955406911929,2016
"1868443",0.019047619047619,2,1,NA,NA,1160,2,0.301724137931034,2017
"1868443",0.027027027027027,2,1,NA,NA,862,1,0.283062645011601,2018
"1868443",0.09375,6,1.5,NA,NA,1163,2,0.264832330180568,2019
"1868443",0.148387096774194,23,1,6,7.90418816047483,3110,3,0.291961414790997,2020
"1868443",0.0780487804878049,16,1,9,16.3741957272498,2286,4,0.252843394575678,2021
"1877317",0.0653061224489796,16,1,14,9.73555095415521,802,1,0.339152119700748,2015
"1877317",0.0941558441558442,29,1,7,11.8086037147972,1397,3,0.269863994273443,2016
"1877317",0.0970588235294118,33,1,7.5,10.9922535040261,1692,4,0.24113475177305,2017
"1877317",0.251396648044693,90,2,1,7.9921756936827,2466,3,0.246553122465531,2018
"1877317",0.212209302325581,73,2,3,4.85999204646528,3711,5,0.232821341956346,2019
"1877317",0.116788321167883,32,1,3,13.059911574072,1353,2,0.261640798226164,2020
"1877317",0.121951219512195,30,1,5,8.76513469416737,3662,5,0.261332605133807,2021
"1880739",1,1,1,NA,NA,NA,NA,NA,2015
"1880739",0.0642857142857143,9,1,NA,NA,1525,3,0.218360655737705,2016
"1880739",0.0611620795107034,20,1,10,23.2313561040407,1042,3,0.177543186180422,2017
"1880739",0.0977653631284916,35,1,5,15.4591347909528,3894,9,0.161787365177196,2018
"1880739",0.104395604395604,38,2,3,20.8524416873498,4964,7,0.12389202256245,2019
"1880739",0.120547945205479,44,1,3,16.6666888150462,1425,2,0.171929824561404,2020
"1880739",0.0794223826714801,22,1,7,15.5476226937938,3419,6,0.194208832992103,2021
"1883184",0.282208588957055,92,2,2,4.1530252885841,601,1,0.282861896838602,2015
"1883184",0.288951841359773,102,2,2,3.96134790541335,714,1,0.284313725490196,2016
"1883184",0.430232558139535,148,3,2,2.02833805149476,941,2,0.216790648246546,2017
"1883184",0.41025641025641,144,3,2,2.53337808680043,2536,5,0.142744479495268,2018
"1883184",0.0413533834586466,11,1,19.5,25.7951330465437,1462,3,0.165526675786594,2019
"1883184",0.041958041958042,6,1,NA,NA,596,1,0.303691275167785,2020
"1883184",0.0208333333333333,5,1,NA,NA,544,1,0.310661764705882,2021
"1921394",0.0493827160493827,4,1,NA,NA,NA,NA,NA,2016
"1921394",0.153846153846154,2,1,NA,NA,NA,NA,NA,2017
"1921394",1,1,1,NA,NA,NA,NA,NA,2018
"1921394",0.0512820512820513,14,1,14,23.7678408024426,2909,5,0.277071158473702,2019
"1921394",0.0934256055363322,27,1,4.5,15.8566656694857,3336,7,0.164868105515588,2020
"1921394",0.1,23,1,6.5,10.3861587881321,2788,8,0.125179340028694,2021
"1936760",0.148148148148148,52,2,6,7.05413242813923,1815,4,0.155922865013774,2015
"1936760",0.196428571428571,66,1,3,5.12722747091072,3417,3,0.14691249634182,2016
"1936760",0.236363636363636,78,2,2,5.55270527627457,4693,7,0.171745152354571,2017
"1936760",0.138235294117647,47,2,2,13.5209445686677,2908,4,0.224209078404402,2018
"1936760",0.172619047619048,58,2,2,10.3078856350691,4398,7,0.217371532514779,2019
"1936760",0.38,133,2.5,2,3.17223781574737,2706,3,0.113082039911308,2020
"1936760",0.24,66,2,2,5.63053146828828,3272,7,0.188569682151589,2021
"1941562",0.224409448818898,57,2,3,6.2580597383144,1200,1,0.305833333333333,2015
"1941562",0.290519877675841,95,2,2,4.89393332510042,1200,1,0.299166666666667,2016
"1941562",0.31294964028777,87,2,2,3.14512194766172,1465,1,0.322866894197952,2017
"1941562",0.226006191950464,73,2,2,8.01929402642877,1425,1,0.287017543859649,2018
"1941562",0.140762463343109,48,1,4,8.70085644449528,2359,3,0.187791437049597,2019
"1941562",0.247557003257329,76,2,2,4.81203446326766,1061,1,0.222431668237512,2020
"1941562",0.104166666666667,25,1,5,14.2629930594701,782,1,0.30690537084399,2021
"1972804",0.0882352941176471,27,1,7,13.2016898685212,1471,5,0.146838885112169,2015
"1972804",0.112745098039216,23,1,4,10.5059249414061,1879,5,0.178818520489622,2016
"1972804",0.0884353741496599,26,1,5,16.4684546937471,1676,5,0.153341288782816,2017
"1972804",0.0919540229885057,24,1,10,11.6245617028174,1073,3,0.24044734389562,2018
"1972804",0.094488188976378,12,1,8,13.7212509368762,982,1,0.265784114052953,2019
"1972804",0.143589743589744,28,1,4,7.2538426794516,693,1,0.323232323232323,2020
"1972804",0.149779735682819,34,2,2,14.803127228987,1656,3,0.215579710144928,2021
"1978464",0.216524216524217,76,2,3,5.2667578963475,22373,35,0.195816385822196,2015
"1978464",0.195195195195195,65,1,3,5.56312975746681,19163,17,0.251317643375254,2016
"1978464",0.236768802228412,85,2,3,3.76451103280647,16323,19,0.210806836978497,2017
"1978464",0.348066298342541,126,3,2,2.63419204727664,14822,15,0.182364053434084,2018
"1978464",0.246537396121884,89,2,2,4.56028927202147,10947,24,0.0697908102676532,2019
"1978464",0.370879120879121,135,3,1,5.13695826862737,2352,3,0.201530612244898,2020
"1978464",0.484641638225256,142,3,1,2.26035834728833,3738,3,0.194489031567683,2021
"2047950",0.043956043956044,4,1,NA,NA,828,1,0.26207729468599,2015
"2047950",0.0919540229885057,8,1,NA,NA,1118,2,0.226296958855098,2016
"2047950",0.0267379679144385,5,1,NA,NA,856,1,0.255841121495327,2017
"2047950",0.112903225806452,21,1,5.5,11.6115867722039,1779,4,0.225407532321529,2018
"2047950",0.0838709677419355,26,1.5,4,17.0608714118984,2484,2,0.240338164251208,2019
"2047950",0.147590361445783,49,2,2,13.1087750102557,1598,2,0.240300375469337,2020
"2047950",0.214953271028037,46,1,2,5.54485838822368,2953,8,0.209278699627497,2021
"2112603",1,1,1,NA,NA,NA,NA,NA,2015
"2112603",0.0105263157894737,2,1,NA,NA,NA,NA,NA,2016
"2112603",0.0304568527918782,6,1,NA,NA,1898,3,0.267123287671233,2017
"2112603",0.0483870967741935,15,1,17,30.2666719110547,4817,8,0.297280465019722,2018
"2112603",0.0843023255813953,29,1,8.5,10.6061652231493,3742,8,0.180384820951363,2019
"2112603",0.0965732087227414,31,1,8.5,10.7489641307922,2594,5,0.188126445643793,2020
"2112603",0.0615384615384615,4,1,NA,NA,1155,2,0.316883116883117,2021
"2159133",0.0136363636363636,3,1,NA,NA,NA,NA,NA,2015
"2159133",1,1,1,NA,NA,NA,NA,NA,2016
"2159133",1,1,1,NA,NA,NA,NA,NA,2017
"2159133",0.0194805194805195,3,1,NA,NA,1257,3,0.236276849642005,2018
"2159133",0.147435897435897,46,2,2,20.6637827899908,1979,5,0.177867609903992,2019
"2159133",0.467032967032967,170,3,1,2.15376438881954,2629,6,0.165842525675162,2020
"2159133",0.225454545454545,62,2,2,4.95857153764964,1962,3,0.199796126401631,2021
"2189294",1,1,1,NA,NA,NA,NA,NA,2015
"2189294",0.0258620689655172,3,1,NA,NA,NA,NA,NA,2016
"2189294",0.0476190476190476,2,1,NA,NA,NA,NA,NA,2017
"2189294",0.0422535211267606,3,1,NA,NA,NA,NA,NA,2018
"2189294",0.0627450980392157,16,1,10,15.0924137360779,2793,6,0.203365556749015,2019
"2189294",0.107042253521127,38,2,5,11.926954860829,3152,7,0.198921319796954,2020
"2189294",0.0654545454545455,18,1,7,21.1538482106128,2939,4,0.285811500510378,2021
"2297663",0.269230769230769,84,3,1,7.0828604072531,652,1,0.280674846625767,2015
"2297663",0.20820189274448,66,2,3,7.81400370144229,769,1,0.253576072821847,2016
"2297663",0.159090909090909,56,2,2,9.0010100443329,539,1,0.298701298701299,2017
"2297663",0.37218045112782,99,3,1.5,2.69098986759412,822,2,0.238442822384428,2018
"2297663",0.237012987012987,73,2,2,5.77267252178906,2217,8,0.110509697789806,2019
"2297663",0.657381615598886,236,5,1,1.67768317633359,994,3,0.199195171026157,2020
"2297663",0.726643598615917,210,6,1,1.120479713502,1585,4,0.146372239747634,2021
"2319303",1,1,1,NA,NA,NA,NA,NA,2016
"2319303",1,1,1,NA,NA,NA,NA,NA,2017
"2319303",1,1,1,NA,NA,NA,NA,NA,2018
"2319303",0.215384615384615,14,1,4,4.60907688627449,798,1,0.320802005012531,2019
"2319303",0.146892655367232,52,2,4,8.9237730523695,990,1,0.229292929292929,2020
"2319303",0.0606060606060606,14,1,10,19.3364276922454,2633,4,0.262438283327003,2021
"2433428",0.0423728813559322,10,1,7,33.1377595970384,2193,3,0.275877792977656,2015
"2433428",0.0446927374301676,8,1,NA,NA,2101,3,0.306996668253213,2016
"2433428",0.0522875816993464,16,1,14,14.7873820085459,1397,4,0.168217609162491,2017
"2433428",0.126760563380282,45,1,5,9.42523713958544,3310,7,0.196374622356495,2018
"2433428",0.216763005780347,75,1,2,6.05969624227862,1765,5,0.130878186968839,2019
"2433428",0.356353591160221,129,3,2,2.97346160515364,1908,6,0.128930817610063,2020
"2433428",0.337883959044369,99,3,2,3.75260621967356,2963,6,0.112723590955113,2021
"2474981",1,1,1,NA,NA,NA,NA,NA,2016
"2474981",0.0882352941176471,12,1,5,14.3463647596937,952,1,0.297268907563025,2017
"2474981",0.0512820512820513,18,1,7,29.4937680356576,766,1,0.279373368146214,2018
"2474981",0.131284916201117,47,1,4.5,7.40625796234717,1372,3,0.196793002915452,2019
"2474981",0.446280991735537,162,4,1,2.5298988514875,833,1,0.273709483793517,2020
"2474981",0.303249097472924,84,4,1,13.1808327522321,998,2,0.224448897795591,2021
"2489070",0.0913705583756345,18,1,9,8.97299871182165,687,2,0.228529839883552,2015
"2489070",0.0681114551083591,22,1,11,14.1185457230316,2082,5,0.226224783861671,2016
"2489070",0.0901287553648069,21,1,9,9.55537875533433,952,2,0.202731092436975,2017
"2489070",0.0830564784053156,25,1,6,15.0361882311222,619,2,0.245557350565428,2018
"2489070",0.236065573770492,72,2,3,5.10792968569892,1169,2,0.195893926432849,2019
"2489070",0.364672364672365,128,3,2,3.28951324481701,1317,2,0.135914958238421,2020
"2489070",0.319852941176471,87,2,2,4.3535447135854,1382,4,0.136758321273517,2021
"2489493",0.0723684210526316,22,1,8,13.7824940724509,1408,3,0.210227272727273,2016
"2489493",0.0542635658914729,14,1,12,15.4658432583648,2278,4,0.2071992976295,2017
"2489493",0.0161943319838057,4,1,NA,NA,1032,2,0.275193798449612,2018
"2489493",0.0568181818181818,15,1,3.5,31.1427941324093,2582,4,0.221920991479473,2019
"2489493",0.55586592178771,199,4,1,1.95808642449141,3024,6,0.141534391534392,2020
"2489493",0.631399317406143,185,4,1,1.04700638995804,4502,13,0.0859617947578854,2021
"2527017",1,1,1,NA,NA,NA,NA,NA,2015
"2527017",0.0155038759689922,4,1,NA,NA,NA,NA,NA,2016
"2527017",0.031055900621118,5,1,NA,NA,1851,4,0.293895191788223,2018
"2527017",0.102702702702703,19,1,7,9.56436742199956,2730,6,0.22014652014652,2019
"2527017",0.553977272727273,195,5,1,2.18324199082771,3738,10,0.108346709470305,2020
"2527017",0.329861111111111,95,2,2,3.21410540832761,1016,2,0.191929133858268,2021
"2568932",0.767313019390582,277,6,1,0.991664867526407,502,1,0.296812749003984,2015
"2568932",0.733516483516483,267,5,1,0.83242727496698,501,1,0.297405189620758,2016
"2568932",0.737569060773481,267,5,1,1.20544586376088,489,1,0.300613496932515,2017
"2568932",0.804945054945055,293,6,1,0.798917440585935,474,1,0.30379746835443,2018
"2568932",0.777472527472527,283,6,1,0.739659541170191,508,1,0.297244094488189,2019
"2568932",0.835164835164835,304,6,1,0.502044864493403,517,1,0.295938104448743,2020
"2568932",0.899653979238754,260,7,1,0.439136290020279,532,1,0.293233082706767,2021
"2571836",0.10077519379845,26,1,5,10.8263567279117,1493,1,0.308104487608841,2015
"2571836",0.120300751879699,32,1,6,8.40570722655117,1656,1,0.358091787439614,2016
"2571836",0.0920245398773006,30,1,6,17.6319096088087,1448,1,0.283839779005525,2017
"2571836",0.0875912408759124,24,1,6,19.3937767615052,1310,1,0.341984732824427,2018
"2571836",0.0530035335689046,15,1,10.5,23.2969365528443,1245,1,0.289156626506024,2019
"2571836",0.0850202429149798,21,1,8.5,9.40940179316747,1915,2,0.216187989556136,2020
"2571836",0.0142348754448399,4,1,NA,NA,1266,2,0.317535545023697,2021
"2583623",0.117088607594937,37,2,5,11.5742941778013,1065,3,0.168075117370892,2015
"2583623",0.0960698689956332,22,1.5,2,16.7728522150698,2446,4,0.228536385936222,2016
"2583623",0.0938511326860841,29,1,6,14.7447416866966,1908,6,0.170335429769392,2017
"2583623",0.036144578313253,9,1,NA,NA,990,2,0.224242424242424,2018
"2583623",0.0540540540540541,16,1,8,25.364955201635,1356,2,0.263274336283186,2019
"2583623",0.0529595015576324,17,1,14,21.4445020148911,1172,2,0.199658703071672,2020
"2583623",0.615023474178404,131,5,1,2.03891771540901,2297,4,0.18328254244667,2021
"2622109",0.0161290322580645,3,1,NA,NA,NA,NA,NA,2016
"2622109",1,1,1,NA,NA,NA,NA,NA,2017
"2622109",0.0186915887850467,4,1,NA,NA,NA,NA,NA,2018
"2622109",0.102272727272727,36,1,5,19.2819417411972,1294,4,0.148377125193199,2019
"2622109",0.486263736263736,177,3,1,2.01467827988207,1868,2,0.167558886509636,2020
"2622109",0.64041095890411,187,4,1,1.10459924603136,3793,9,0.0891115212233061,2021
"2712242",0.149152542372881,44,1,5,8.10329219561596,779,1,0.265725288831836,2015
"2712242",0.0449826989619377,13,1,11,27.8502488972067,1239,1,0.263115415657789,2016
"2712242",0.0504731861198738,16,1,9,28.2197161741996,764,1,0.31282722513089,2017
"2712242",0.154811715481172,37,2,4.5,9.87139526330723,727,1,0.301237964236589,2018
"2712242",0.102702702702703,19,1,6,17.748423477811,723,1,0.273858921161826,2019
"2712242",0.119354838709677,37,2,4,15.4168275409882,1764,3,0.184240362811791,2020
"2712242",0.125,28,1,7,6.56677296109033,2383,5,0.208980276961813,2021
"2917530",1,1,1,NA,NA,NA,NA,NA,2016
"2917530",1,2,2,NA,NA,641,1,0.269890795631825,2017
"2917530",0.0575916230366492,11,1,9.5,21.5921796542689,1587,2,0.301827347195967,2018
"2917530",0.25,2,1,NA,NA,NA,NA,NA,2019
"2917530",0.084375,27,1,7,13.6778878261454,3056,4,0.242146596858639,2020
"2917530",0.0984251968503937,25,1,7.5,11.5569635197616,3520,4,0.3,2021
"3131589",1,1,1,NA,NA,NA,NA,NA,2015
"3131589",0.0149253731343284,3,1,NA,NA,NA,NA,NA,2016
"3131589",0.0288808664259928,8,1,NA,NA,3606,4,0.357737104825291,2017
"3131589",0.0528301886792453,14,1,14,18.7722517535174,2984,2,0.325067024128686,2018
"3131589",0.0284900284900285,10,1,20,55.0464450360885,2703,3,0.355160932297447,2019
"3131589",0.379781420765027,139,5,1,8.15793082810651,2699,1,0.293812523156725,2020
"3131589",0.731958762886598,213,5,1,0.911490334204438,4387,3,0.239799407339868,2021
"3294021",1,3,1.5,NA,NA,506,1,0.302371541501976,2016
"3294021",1,1,1,NA,NA,NA,NA,NA,2017
"3294021",0.0814814814814815,11,1,4.5,22.2570837662479,543,1,0.285451197053407,2018
"3294021",0.0350194552529183,9,1.5,NA,NA,817,1,0.252141982864137,2019
"3294021",0.073943661971831,21,2,1.5,30.0740752143769,611,1,0.283142389525368,2020
"3294021",0.0763358778625954,20,2,3,30.1198386178043,780,1,0.261538461538462,2021
"3338687",0.0350877192982456,2,1,NA,NA,821,1,0.243605359317905,2015
"3338687",0.0855614973262032,16,1,5,18.9427709543396,5240,6,0.225381679389313,2016
"3338687",0.0350877192982456,10,1,29,31.3732015863504,3312,5,0.219806763285024,2017
"3338687",0.0434782608695652,11,1,11.5,30.5897586347675,5003,8,0.248051169298421,2018
"3338687",0.0452961672473868,13,1,12.5,36.2612573951702,4419,6,0.307988232631817,2019
"3338687",0.149350649350649,46,2,2,21.6304592571856,5841,6,0.356788221195001,2020
"3338687",0.229166666666667,66,2,3,4.22008703883991,8001,6,0.344581927259093,2021
"3346809",1,1,1,NA,NA,NA,NA,NA,2016
"3346809",1,1,1,NA,NA,NA,NA,NA,2017
"3346809",0.125,10,1,4,8.2731157639939,470,1,0.306382978723404,2018
"3346809",0.071969696969697,19,1,11.5,11.9121237741411,1422,4,0.188466947960619,2019
"3346809",0.119318181818182,42,1,5,10.4284437489201,1040,2,0.172115384615385,2020
"3346809",0.23394495412844,51,2,2,6.47636204254537,835,1,0.226347305389222,2021
"3427795",0.037037037037037,4,1,NA,NA,NA,NA,NA,2016
"3427795",0.0144927536231884,2,1,NA,NA,NA,NA,NA,2017
"3427795",0.0251572327044025,4,1,NA,NA,NA,NA,NA,2018
"3427795",1,1,1,NA,NA,NA,NA,NA,2019
"3427795",0.0974576271186441,23,2,2.5,14.7111436984943,851,1,0.280846063454759,2020
"3427795",0.300751879699248,80,2.5,2,5.21840425231734,957,1,0.3239289446186,2021
"3448538",0.0100502512562814,2,1,NA,NA,NA,NA,NA,2016
"3448538",1,1,1,NA,NA,NA,NA,NA,2017
"3448538",1,1,1,NA,NA,NA,NA,NA,2018
"3448538",1,1,1,NA,NA,NA,NA,NA,2019
"3448538",0.128205128205128,40,2,2,25.8064528644813,1661,4,0.211318482841662,2020
"3448538",0.131386861313869,36,1,5,7.91424627602952,2673,4,0.159745604190049,2021
"3451244",0.0606060606060606,4,2,NA,NA,1975,2,0.273924050632911,2015
"3451244",0.0588235294117647,3,1,NA,NA,1325,3,0.260377358490566,2016
"3451244",0.0264900662251656,4,1,NA,NA,NA,NA,NA,2017
"3451244",0.0153374233128834,5,1,NA,NA,1528,2,0.336387434554974,2018
"3451244",0.0795454545454545,21,2,4,22.4927473691083,7578,13,0.238585378727897,2019
"3451244",0.224806201550388,58,2,2,8.2291355365675,6821,13,0.175194253042076,2020
"3451244",0.451048951048951,129,3,1,2.92750960715759,8033,16,0.128843520478028,2021
"3475604",1,1,1,NA,NA,NA,NA,NA,2015
"3475604",1,1,1,NA,NA,NA,NA,NA,2017
"3475604",0.110671936758893,28,1,3,13.9862569908959,3487,5,0.2543733868655,2018
"3475604",0.0728862973760933,25,1,4.5,25.4528549692752,3432,6,0.171328671328671,2019
"3475604",0.223756906077348,81,2.5,2,8.44939328209091,4189,5,0.222487467175937,2020
"3475604",0.479310344827586,139,3,1,1.77939414424559,4662,7,0.160660660660661,2021
"3498773",0.0529411764705882,9,1,NA,NA,637,1,0.324960753532182,2015
"3498773",0.0548780487804878,18,1,8,25.2376935647968,1133,3,0.203000882612533,2016
"3498773",0.0838926174496644,25,1,4.5,22.8012442452256,1192,2,0.254194630872483,2017
"3498773",0.164835164835165,60,1,6,4.74818861767681,1379,2,0.195068890500363,2018
"3498773",0.0856353591160221,31,1,7,13.3584103259625,912,1,0.265350877192982,2019
"3498773",0.10803324099723,39,1,6,16.3669687829123,1395,4,0.148387096774194,2020
"3498773",0.194444444444444,56,1.5,3,6.22328634479348,1670,4,0.156287425149701,2021
"3701898",1,1,1,NA,NA,NA,NA,NA,2016
"3701898",1,1,1,NA,NA,NA,NA,NA,2017
"3701898",1,1,1,NA,NA,NA,NA,NA,2018
"3701898",0.0091324200913242,2,1,NA,NA,NA,NA,NA,2019
"3701898",0.0611111111111111,11,1,11,20.7870151777498,3194,6,0.298058860363181,2020
"3701898",0.323770491803279,79,2,2,3.4452329920675,10292,11,0.241352506801399,2021
"3724174",0.054140127388535,17,1,8.5,26.3640380063449,4720,6,0.26885593220339,2015
"3724174",0.0491228070175439,14,1,17,18.7343096743477,4430,7,0.299097065462754,2016
"3724174",0.0449826989619377,13,1,11,29.6586642254226,3533,7,0.269459382960657,2017
"3724174",0.150306748466258,49,1,2,9.36548571591647,2111,6,0.093320701089531,2018
"3724174",0.285714285714286,56,2,1,4.51260859854213,3863,9,0.110018120631633,2019
"3724174",0.388888888888889,49,3,1,2.16096494732009,1978,6,0.160262891809909,2020
"3724174",0.377682403433476,88,3,2,2.29086490555508,3236,10,0.120519159456119,2021
"3737482",1,1,1,NA,NA,NA,NA,NA,2015
"3737482",0.0952380952380952,2,1,NA,NA,1052,2,0.22148288973384,2016
"3737482",0.022508038585209,7,1,NA,NA,868,2,0.228110599078341,2018
"3737482",0.0468085106382979,11,1,17.5,19.288453656124,2096,3,0.281488549618321,2019
"3737482",0.0786516853932584,28,1,8,22.0536124787261,1578,3,0.167300380228137,2020
"3737482",0.196491228070175,56,2,3,5.3877901618644,5457,8,0.135788894997251,2021
"3771288",0.317808219178082,116,2,2,3.10893007709345,4804,2,0.276436303080766,2015
"3771288",0.226086956521739,78,2,3,5.81871846892789,5348,4,0.2490650710546,2016
"3771288",0.371508379888268,133,2,2,2.31404156000482,6004,3,0.266155896069287,2017
"3771288",0.212290502793296,76,2,3,9.72019352493366,3822,3,0.203558346415489,2018
"3771288",0.433333333333333,117,3,1,3.03200073973558,4837,4,0.226379987595617,2019
"3771288",0.210382513661202,77,2,3,5.27135589601538,3842,4,0.239718896408121,2020
"3771288",0.418439716312057,118,4,1,3.91077166091171,4359,4,0.235375086028906,2021
"3820000",1,1,1,NA,NA,NA,NA,NA,2016
"3820000",0.0163934426229508,2,1,NA,NA,NA,NA,NA,2017
"3820000",0.0134529147982063,3,1,NA,NA,NA,NA,NA,2018
"3820000",0.0365853658536585,3,1.5,NA,NA,NA,NA,NA,2019
"3820000",0.0390243902439024,8,1,NA,NA,477,1,0.30398322851153,2020
"3820000",0.151376146788991,33,1,5,9.57730642650097,1558,3,0.247111681643132,2021
"3827669",0.0172413793103448,4,1,NA,NA,NA,NA,NA,2015
"3827669",0.039039039039039,13,1,13.5,29.8521609795927,1316,3,0.254559270516717,2016
"3827669",0.0202020202020202,4,1,NA,NA,NA,NA,NA,2017
"3827669",0.0174418604651163,3,1,NA,NA,470,1,0.306382978723404,2018
"3827669",0.0202702702702703,6,1,NA,NA,709,1,0.276445698166432,2019
"3827669",0.0561797752808989,10,1,6,22.792542640083,996,3,0.178714859437751,2020
"3827669",0.227091633466135,57,2,3,4.69415220620986,1720,3,0.2,2021
"3839792",0.0503875968992248,13,1,13,24.470606981859,2326,5,0.24591573516767,2015
"3839792",0.0689655172413793,2,1,NA,NA,NA,NA,NA,2016
"3839792",0.0647482014388489,9,1,NA,NA,470,1,0.306382978723404,2017
"3839792",0.0368098159509202,6,1,NA,NA,470,1,0.306382978723404,2018
"3839792",0.0902255639097744,12,1.5,6,13.5277492584687,1091,2,0.288725939505041,2019
"3839792",0.353125,113,3,2,4.27270790231825,1077,3,0.235840297121634,2020
"3839792",0.664383561643836,194,5,1,1.12323551897547,1305,2,0.191570881226054,2021
"3909391",1,1,1,NA,NA,NA,NA,NA,2015
"3909391",0.0283018867924528,3,1,NA,NA,NA,NA,NA,2016
"3909391",1,1,1,NA,NA,NA,NA,NA,2017
"3909391",1,1,1,NA,NA,NA,NA,NA,2018
"3909391",0.0512820512820513,8,1,NA,NA,492,1,0.304878048780488,2019
"3909391",0.116279069767442,15,1.5,3,12.3092032039642,866,1,0.348729792147806,2021
"3910284",0.0958904109589041,7,1,NA,NA,1018,1,0.325147347740668,2015
"3910284",0.0746268656716418,5,1,NA,NA,692,1,0.342485549132948,2017
"3910284",0.0199203187250996,5,1,NA,NA,1050,2,0.254285714285714,2018
"3910284",0.293729372937294,89,2,2,4.22579776742332,2855,3,0.252889667250438,2019
"3910284",0.43646408839779,158,3,1,2.85204597760451,3198,5,0.229518449030644,2020
"3910284",0.342465753424658,100,2,2,2.89552146027303,8103,14,0.156361841293348,2021
"4123817",0.0840336134453782,30,1,8,12.3169353555064,1142,3,0.163747810858144,2015
"4123817",0.0579710144927536,12,1,16,12.8848042987925,939,2,0.235356762513312,2016
"4123817",0.0194174757281553,2,1,NA,NA,NA,NA,NA,2018
"4123817",0.00867052023121387,3,1,NA,NA,NA,NA,NA,2019
"4123817",1,1,1,NA,NA,NA,NA,NA,2020
"4123817",0.254237288135593,45,2.5,1,13.2243608892919,1564,3,0.159846547314578,2021
"4133107",1,1,1,NA,NA,NA,NA,NA,2015
"4133107",1,1,1,NA,NA,NA,NA,NA,2016
"4133107",0.0202020202020202,2,1,NA,NA,NA,NA,NA,2017
"4133107",1,1,1,NA,NA,NA,NA,NA,2018
"4133107",1,1,1,NA,NA,NA,NA,NA,2019
"4133107",0.0183823529411765,5,1,NA,NA,945,2,0.263492063492063,2020
"4133107",0.193916349809886,51,2,2,8.55369594302453,928,2,0.205818965517241,2021
"4143946",1,1,1,NA,NA,NA,NA,NA,2016
"4143946",1,1,1,NA,NA,NA,NA,NA,2017
"4143946",0.00843881856540084,2,1,NA,NA,NA,NA,NA,2018
"4143946",0.0631578947368421,18,1,8,28.2218105059774,5774,8,0.293557325943886,2019
"4143946",0.108552631578947,33,2,3,23.0637047285654,8799,10,0.259688600977384,2020
"4143946",0.278884462151394,70,2,2,4.88124095020736,5984,8,0.178977272727273,2021
"4173263",0.0157068062827225,3,1,NA,NA,1501,3,0.302465023317788,2015
"4173263",0.03,3,1.5,NA,NA,NA,NA,NA,2016
"4173263",0.0287769784172662,8,1,NA,NA,2668,5,0.284107946026987,2017
"4173263",0.0714285714285714,6,2,NA,NA,2946,7,0.207739307535642,2018
"4173263",0.0283018867924528,6,1,NA,NA,2528,5,0.223101265822785,2019
"4173263",0.0920245398773006,15,1,2,17.9431336158444,6401,9,0.281518512732386,2020
"4173263",0.209401709401709,49,2,4,4.38075862143656,6166,12,0.192020759000973,2021
"4190539",0.0601851851851852,13,1,10,15.216368777993,679,1,0.312223858615611,2015
"4190539",0.0759493670886076,24,1,7,19.5876463447772,622,1,0.302250803858521,2016
"4190539",0.0590909090909091,13,1,9.5,21.9550159934519,698,1,0.290830945558739,2017
"4190539",0.140495867768595,17,1.5,4,7.37563556583431,536,1,0.300373134328358,2018
"4190539",0.0902255639097744,24,1,8,9.93098715782342,662,1,0.305135951661631,2019
"4190539",0.148409893992933,42,2,3,9.93527836034607,545,1,0.284403669724771,2020
"4190539",0.341818181818182,94,3,2,5.19900824864882,723,1,0.301521438450899,2021
"4228673",1,1,1,NA,NA,NA,NA,NA,2015
"4228673",0.036144578313253,3,1.5,NA,NA,NA,NA,NA,2016
"4228673",1,1,1,NA,NA,NA,NA,NA,2017
"4228673",0.0476190476190476,2,1,NA,NA,NA,NA,NA,2018
"4228673",1,1,1,NA,NA,NA,NA,NA,2019
"4228673",0.0458015267175573,6,1,NA,NA,2231,4,0.294038547736441,2020
"4228673",0.179245283018868,19,1.5,3,5.78283463974098,3977,5,0.288659793814433,2021
"4303576",0.0661157024793388,24,1,8,18.3010615472147,5958,9,0.23799932863377,2015
"4303576",0.0906344410876133,30,1.5,6,14.049437693637,10022,16,0.219517062462582,2016
"4303576",0.100946372239748,32,1,6,12.2022384690644,8081,14,0.247865363197624,2017
"4303576",0.0933734939759036,31,1,7.5,10.3240039457211,5720,10,0.23513986013986,2018
"4303576",0.0856031128404669,22,1,7,13.7135664493925,4358,7,0.247131711794401,2019
"4303576",0.468553459119497,149,5,1,5.12033445859008,513,1,0.286549707602339,2020
"4303576",0.56993006993007,163,4.5,1,2.00250016262452,3229,8,0.096934035305048,2021
"4333749",0.0151515151515152,2,1,NA,NA,NA,NA,NA,2016
"4333749",1,1,1,NA,NA,NA,NA,NA,2017
"4333749",0.1,4,1,NA,NA,1449,2,0.297446514837819,2018
"4333749",0.0553359683794466,14,1,8,27.0787076917716,3737,8,0.231469092855231,2019
"4333749",0.113970588235294,31,2,1,16.7424369612759,4160,9,0.215384615384615,2020
"4333749",0.177489177489178,41,1.5,3.5,8.362768526983,5113,11,0.179542343047135,2021
"4360631",0.0645161290322581,16,1,8,22.3794123077014,5900,9,0.295932203389831,2015
"4360631",0.0590551181102362,15,1,14,18.7676656706495,4618,8,0.265049805110437,2016
"4360631",0.0526315789473684,14,1,2,29.0790258363265,2990,3,0.261204013377926,2017
"4360631",0.0685920577617329,19,1.5,15,14.311657116203,5144,8,0.308709175738725,2018
"4360631",0.0809859154929577,23,1,4.5,24.0025702086959,4550,4,0.3,2019
"4360631",0.0681114551083591,22,1,11,12.3301797770078,4944,5,0.29955501618123,2020
"4360631",0.290697674418605,75,2,3,3.4925477334594,8776,10,0.237351868732908,2021
"4387632",1,1,1,NA,NA,NA,NA,NA,2015
"4387632",0.0327868852459016,8,1,NA,NA,1792,2,0.291294642857143,2016
"4387632",0.0471204188481675,9,1,NA,NA,617,1,0.273905996758509,2017
"4387632",1,1,1,NA,NA,NA,NA,NA,2018
"4387632",0.181818181818182,2,1,NA,NA,NA,NA,NA,2019
"4387632",0.0236220472440945,3,1,NA,NA,1266,2,0.288309636650869,2020
"4387632",0.146788990825688,32,2,3,8.48528137423857,1836,3,0.208061002178649,2021
"4444648",0.0289855072463768,10,1,13,51.5673777154166,1933,3,0.267459906880497,2015
"4444648",0.0714285714285714,21,1,5,22.0412890061501,1288,4,0.150621118012422,2016
"4444648",0.0635593220338983,15,1,10.5,23.0390256585799,1038,2,0.288053949903661,2017
"4444648",0.21160409556314,62,2,2,10.3216838970173,1427,5,0.127540294323756,2018
"4444648",0.0875420875420875,26,1,8,12.6612269021081,1377,2,0.213507625272331,2019
"4444648",0.119318181818182,42,1,4,10.7634770880227,2207,4,0.190756683280471,2020
"4444648",0.35408560311284,91,3.5,1,4.02495337710763,1900,5,0.122631578947368,2021
"4447354",0.0697674418604651,6,1,NA,NA,3109,6,0.305564490189772,2015
"4447354",0.152284263959391,30,1,5,7.46733444703278,7695,11,0.293827160493827,2016
"4447354",0.170731707317073,28,2,5,5.25123781364914,6234,11,0.277189605389798,2017
"4447354",0.093167701863354,15,1,4,15.2502927372372,5328,8,0.30762012012012,2018
"4447354",0.152173913043478,28,1,5,6.38106172340847,8127,15,0.273655715516181,2019
"4447354",0.116279069767442,15,1,4.5,14.543606276178,3770,8,0.246949602122016,2020
"4447354",0.120481927710843,10,1.5,3,13.0809445802324,3237,5,0.207908557306148,2021
"4448478",0.0220588235294118,3,1,NA,NA,NA,NA,NA,2015
"4448478",1,1,1,NA,NA,NA,NA,NA,2016
"4448478",0.0943396226415094,5,1,NA,NA,595,1,0.322689075630252,2017
"4448478",0.0193236714975845,4,1,NA,NA,NA,NA,NA,2018
"4448478",0.0412371134020619,8,1,NA,NA,689,1,0.336719883889695,2019
"4448478",0.028735632183908,5,1,NA,NA,594,1,0.321548821548822,2020
"4448478",0.242424242424242,48,2,2,4.78056890316705,680,1,0.311764705882353,2021
"4489361",0.0943396226415094,15,2,2.5,19.1127366773234,1963,1,0.375445746306673,2015
"4489361",0.0686695278969957,16,2,3,30.7846591356026,1914,2,0.284743991640543,2016
"4489361",0.0573248407643312,18,1,8,22.4417546760759,3544,6,0.305022573363431,2017
"4489361",0.102112676056338,29,1,6,10.2101593766872,2600,3,0.234615384615385,2018
"4489361",0.0952380952380952,24,1,7,11.2286688415221,2555,4,0.178473581213307,2019
"4489361",0.0488599348534202,15,1,11,31.2554171128958,1586,3,0.199243379571248,2020
"4489361",0.255411255411255,59,2,2,8.64497728070514,2552,2,0.281347962382445,2021
"4569093",0.0124223602484472,2,1,NA,NA,NA,NA,NA,2015
"4569093",0.0463917525773196,9,1,NA,NA,1019,2,0.305201177625123,2016
"4569093",0.15546218487395,37,1,5,6.69061175934501,1292,3,0.226006191950464,2017
"4569093",0.147826086956522,34,1,4,7.12802301632172,2404,4,0.224625623960067,2018
"4569093",0.17,34,1,3,5.99210338948712,1136,2,0.250880281690141,2019
"4569093",0.141242937853107,25,1.5,6,5.97579659355439,1446,2,0.311894882434302,2020
"4569093",0.70188679245283,186,5,1,1.06644692703323,1261,2,0.243457573354481,2021
